고객ID,기준년월,시도명,신용점수_등급,보험가입유형,평균보험가입기간,평균납부보험료,평균통신요금납부금액,통신요금납부유형,연금가입유형,연금가입기간,국민연금미납금액
45,202109,경기,3,종신보험,15,185067,71670,정상,개인연금,15,134726
387,202108,서울,5,종신보험,20,112104,77287,정상,국민연금,14,182968
328,202105,인천,3,정기보험,16,195496,41402,정상,퇴직연금,3,13549
220,202111,인천,3,연금보험,15,135576,48569,정상,퇴직연금,4,65397
217,202010,울산,4,연금보험,12,107758,95604,정상,퇴직연금,18,52888
430,202111,부산,3,연금보험,6,50096,88149,정상,국민연금,17,115851
43,202110,인천,4,정기보험,7,141661,53043,정상,퇴직연금,17,106625
349,202104,부산,3,연금보험,18,146730,39278,정상,퇴직연금,5,175492
101,202108,울산,2,연금보험,2,195257,44108,지연,퇴직연금,15,183803
48,202104,대전,4,종신보험,3,157726,63071,정상,개인연금,2,154599
264,202012,인천,2,연금보험,10,54451,65342,정상,퇴직연금,5,39782
488,202109,인천,2,종신보험,19,135066,34731,정상,퇴직연금,15,8146
368,202012,부산,3,정기보험,16,161416,25266,지연,국민연금,18,179831
381,202101,경기,4,연금보험,15,124483,59624,정상,국민연금,20,188558
359,202104,대전,4,정기보험,13,114402,83796,정상,퇴직연금,29,50077
394,202110,대구,2,연금보험,3,171490,32197,정상,퇴직연금,25,9329
257,202102,인천,2,종신보험,8,141705,52668,정상,개인연금,12,136119
65,202104,대전,5,정기보험,2,152205,32926,정상,개인연금,23,117751
420,202008,대전,2,연금보험,19,119615,39370,지연,국민연금,3,177766
226,202009,인천,2,정기보험,19,91711,68977,정상,퇴직연금,25,115070
251,202008,대구,2,연금보험,7,127863,42895,정상,퇴직연금,12,152068
186,202009,대전,3,정기보험,8,193861,41102,정상,국민연금,23,157278
92,202110,대전,4,연금보험,8,140400,99653,지연,퇴직연금,29,1958
464,202110,광주,4,정기보험,22,156090,33789,지연,퇴직연금,21,29688
391,202109,서울,4,연금보험,12,68619,35142,지연,국민연금,27,156002
322,202008,인천,2,종신보험,19,198190,94381,정상,퇴직연금,1,35874
202,202009,광주,3,종신보험,11,86705,64016,지연,개인연금,5,41226
412,202012,경기,3,종신보험,17,195689,23440,정상,국민연금,19,150421
273,202105,광주,2,연금보험,13,116864,53996,정상,퇴직연금,16,40901
222,202101,대구,2,종신보험,7,187836,65211,정상,국민연금,4,29900
226,202104,광주,3,종신보험,22,183771,40255,지연,국민연금,21,2697
114,202010,부산,2,연금보험,18,163305,63861,정상,개인연금,2,93889
47,202108,서울,3,정기보험,19,187461,71881,정상,퇴직연금,29,127362
278,202101,대전,4,종신보험,23,141414,40048,정상,국민연금,5,146329
444,202009,경기,1,종신보험,6,177316,84992,정상,퇴직연금,13,181115
32,202108,울산,3,종신보험,3,75825,56221,정상,국민연금,24,130248
430,202111,광주,4,연금보험,14,60542,97076,정상,퇴직연금,15,151288
414,202008,서울,4,정기보험,8,131502,27019,지연,국민연금,22,42120
139,202103,경기,4,연금보험,11,171477,45938,정상,퇴직연금,21,68087
316,202110,인천,3,종신보험,6,164806,77701,정상,퇴직연금,28,60792
83,202108,대구,4,정기보험,10,129184,91593,정상,퇴직연금,14,13007
380,202110,경기,2,종신보험,10,128128,37735,정상,퇴직연금,29,193794
351,202103,대전,3,정기보험,9,141476,98420,미납,국민연금,15,48252
178,202102,대전,2,정기보험,18,180235,35470,정상,국민연금,26,89734
34,202108,대구,3,연금보험,15,176272,53289,정상,국민연금,22,71389
486,202010,경기,3,정기보험,12,66448,45190,정상,퇴직연금,4,8891
223,202012,인천,2,연금보험,3,139361,53945,미납,퇴직연금,19,180669
447,202106,광주,4,정기보험,14,107141,92189,정상,개인연금,26,43916
339,202107,울산,3,종신보험,5,169911,78604,지연,국민연금,4,20084
390,202010,대전,2,연금보험,8,125894,83717,정상,국민연금,25,68487
380,202104,부산,2,정기보험,10,198701,40319,정상,개인연금,4,28753
98,202102,대구,3,종신보험,4,114848,95751,정상,개인연금,26,199897
182,202104,대구,3,연금보험,10,151866,54843,정상,개인연금,23,37799
234,202112,경기,3,연금보험,7,66287,72156,정상,국민연금,5,60538
249,202009,대전,2,종신보험,21,189854,75817,정상,국민연금,22,54238
22,202112,대구,4,연금보험,21,73029,73033,지연,국민연금,4,5279
274,202103,대전,5,연금보험,1,106755,68143,지연,국민연금,17,2579
78,202109,대전,3,연금보험,15,175642,58402,지연,개인연금,27,102584
372,202103,인천,3,종신보험,16,195112,71811,정상,개인연금,6,46544
342,202101,인천,4,정기보험,10,122657,92414,지연,개인연금,6,16721
462,202109,경기,5,정기보험,12,122708,51181,미납,개인연금,13,58275
373,202107,광주,3,정기보험,19,57308,60870,정상,퇴직연금,11,54813
184,202010,부산,4,정기보험,10,196830,34406,정상,퇴직연금,2,84815
484,202107,대전,5,정기보험,2,52473,48404,지연,개인연금,14,198476
206,202108,광주,4,정기보험,9,53912,81763,정상,개인연금,8,61378
163,202102,광주,3,연금보험,7,121021,71230,정상,퇴직연금,4,140927
453,202111,대전,1,정기보험,10,50544,36891,지연,개인연금,9,153696
186,202106,경기,1,종신보험,6,74656,63691,정상,퇴직연금,1,10133
39,202101,대구,3,종신보험,4,144157,84956,정상,퇴직연금,27,100263
235,202008,인천,3,연금보험,24,155768,29921,정상,개인연금,29,89737
398,202107,부산,3,연금보험,4,94726,24955,정상,퇴직연금,11,101538
95,202011,대전,3,정기보험,17,169298,51418,지연,개인연금,26,34327
232,202108,인천,3,종신보험,18,141157,72523,정상,퇴직연금,14,93013
65,202104,대구,4,연금보험,15,84244,45066,정상,국민연금,27,24588
344,202103,대전,2,종신보험,22,156866,85682,지연,국민연금,6,189165
238,202010,인천,2,정기보험,1,138826,87746,정상,퇴직연금,9,117413
166,202108,인천,4,종신보험,8,171816,62601,지연,퇴직연금,22,6902
114,202010,인천,4,종신보험,5,73166,50307,정상,퇴직연금,7,101131
283,202103,대구,5,연금보험,14,84628,23337,정상,개인연금,24,185266
335,202110,부산,4,정기보험,16,95537,85724,정상,국민연금,13,148573
471,202111,울산,4,종신보험,22,101212,91622,정상,국민연금,12,54589
219,202112,서울,3,정기보험,10,183319,55391,지연,개인연금,14,178461
81,202112,대구,3,종신보험,6,159881,61317,지연,퇴직연금,24,37104
417,202105,대전,2,정기보험,23,131614,80280,미납,퇴직연금,1,49336
315,202011,부산,3,정기보험,17,131068,75629,정상,국민연금,22,30999
351,202110,대전,5,정기보험,19,182883,30822,지연,퇴직연금,23,184598
49,202109,대전,3,연금보험,11,117019,73784,정상,퇴직연금,24,143382
157,202112,대전,3,종신보험,11,83787,93972,미납,퇴직연금,29,103598
384,202107,대구,2,종신보험,10,70534,80054,정상,국민연금,23,133582
417,202010,서울,2,정기보험,18,99503,58444,지연,퇴직연금,16,51766
218,202104,경기,2,연금보험,6,147994,61852,정상,퇴직연금,14,14131
403,202103,대구,1,정기보험,24,120642,40783,정상,국민연금,12,169157
421,202110,울산,5,종신보험,5,113267,72860,지연,국민연금,24,192842
194,202102,부산,3,연금보험,12,122012,39319,정상,개인연금,12,7105
450,202101,부산,4,정기보험,8,196231,47348,정상,개인연금,17,10337
145,202009,울산,3,종신보험,16,199647,41206,미납,퇴직연금,3,111901
120,202110,경기,2,정기보험,17,74193,46825,정상,개인연금,10,8605
342,202108,울산,2,종신보험,23,67166,49337,정상,개인연금,8,144324
319,202008,울산,4,연금보험,19,86646,26638,정상,국민연금,13,189070
70,202103,부산,2,종신보험,6,177794,77401,정상,퇴직연금,15,55995
417,202104,경기,5,정기보험,5,118927,55279,정상,개인연금,21,58869
100,202103,대전,2,정기보험,22,179552,95968,미납,국민연금,13,172698
403,202111,부산,3,종신보험,12,147012,34470,미납,개인연금,5,71237
4,202010,부산,4,정기보험,3,132979,73522,정상,국민연금,16,48056
399,202101,울산,2,종신보험,20,92227,34335,정상,국민연금,2,16855
394,202011,대구,2,정기보험,16,101605,63773,정상,퇴직연금,25,167974
391,202012,울산,5,연금보험,1,72157,59270,지연,퇴직연금,23,185181
333,202111,부산,2,연금보험,19,127883,55887,정상,국민연금,7,15708
236,202111,대구,3,종신보험,15,92056,72377,정상,국민연금,8,160589
353,202008,대구,3,종신보험,15,93870,86255,미납,퇴직연금,1,31985
139,202106,대구,2,정기보험,21,55932,45337,지연,국민연금,11,27772
391,202011,대전,4,연금보험,12,169866,87972,정상,개인연금,2,76196
278,202011,경기,4,연금보험,12,190889,34788,정상,개인연금,28,87337
230,202012,경기,3,종신보험,15,124741,43443,정상,국민연금,4,170811
253,202011,대전,4,종신보험,5,130404,44853,정상,퇴직연금,20,139949
285,202104,부산,2,종신보험,4,188876,96273,정상,국민연금,17,28917
19,202112,경기,1,종신보험,21,126722,29485,정상,퇴직연금,7,116814
70,202105,광주,3,정기보험,6,143403,51609,정상,개인연금,24,175087
123,202108,광주,5,연금보험,13,114214,53954,정상,국민연금,4,132420
58,202104,대전,1,종신보험,7,127147,84006,정상,국민연금,26,45946
220,202008,울산,2,연금보험,6,128279,58871,정상,국민연금,22,25766
335,202009,경기,3,정기보험,15,156660,97345,미납,개인연금,19,90501
328,202012,광주,4,정기보험,20,140628,79225,정상,국민연금,26,94438
236,202012,광주,1,연금보험,11,125589,76292,지연,퇴직연금,12,70546
428,202110,대전,3,종신보험,4,61376,80233,정상,퇴직연금,9,21852
283,202110,대구,4,연금보험,6,185675,32924,정상,국민연금,5,23625
40,202110,대구,3,종신보험,4,183241,55924,지연,국민연금,27,105797
383,202106,대전,2,정기보험,22,77666,66890,정상,국민연금,12,188861
288,202105,서울,2,연금보험,8,93996,36678,정상,개인연금,25,119587
318,202107,대구,3,정기보험,9,196002,29502,정상,개인연금,10,87635
283,202102,대전,3,종신보험,2,98159,30861,정상,개인연금,28,186256
277,202107,경기,4,정기보험,11,171828,83131,정상,국민연금,26,138066
46,202109,광주,3,정기보험,22,167862,72550,정상,퇴직연금,9,143583
280,202108,인천,3,종신보험,10,179110,42505,정상,퇴직연금,15,115053
398,202106,인천,5,연금보험,16,52400,78976,정상,개인연금,24,152577
152,202008,대전,3,종신보험,5,122436,75617,정상,국민연금,7,100343
302,202108,광주,3,정기보험,4,134826,85320,정상,개인연금,1,124413
16,202102,서울,5,정기보험,18,175580,92807,정상,국민연금,9,123315
174,202108,광주,2,종신보험,2,83670,90578,정상,퇴직연금,18,150530
219,202105,인천,4,연금보험,11,96016,34480,정상,개인연금,4,179668
492,202110,대전,4,정기보험,8,76985,81540,정상,국민연금,10,58853
108,202101,경기,1,종신보험,1,164292,51428,정상,국민연금,27,139862
139,202111,경기,3,정기보험,13,199830,52249,정상,개인연금,3,6331
205,202110,광주,2,정기보험,24,71067,71769,정상,국민연금,2,106496
497,202101,대구,2,정기보험,2,84967,68175,정상,개인연금,13,179742
427,202104,인천,3,연금보험,20,96057,53572,미납,퇴직연금,1,129037
18,202105,부산,2,정기보험,13,183354,99958,미납,퇴직연금,1,53539
117,202109,경기,4,연금보험,18,116859,33985,정상,개인연금,6,121278
411,202107,울산,5,정기보험,3,92290,27753,정상,개인연금,3,71549
30,202110,울산,4,정기보험,21,98347,22325,정상,국민연금,24,86624
428,202102,대구,2,종신보험,1,139717,85139,지연,국민연금,4,45619
141,202104,대구,2,정기보험,22,108052,52527,지연,국민연금,16,124952
459,202103,울산,2,종신보험,16,71061,54987,정상,국민연금,21,39667
147,202111,광주,2,연금보험,9,173015,71936,정상,개인연금,19,88713
218,202101,대전,5,연금보험,1,113334,54831,정상,퇴직연금,19,187849
331,202105,인천,3,연금보험,15,88501,65918,지연,개인연금,11,151522
64,202010,인천,2,연금보험,3,159265,24676,지연,국민연금,26,82871
279,202110,대전,4,종신보험,15,161792,32499,정상,개인연금,2,193782
253,202102,울산,3,종신보험,19,73255,94563,정상,개인연금,4,2789
392,202101,대구,1,연금보험,7,61056,56055,정상,개인연금,25,191973
499,202105,울산,2,정기보험,6,56812,33390,정상,퇴직연금,2,70426
333,202104,부산,3,종신보험,6,164860,49557,미납,개인연금,6,164147
205,202110,인천,4,종신보험,6,143861,46783,정상,퇴직연금,6,189503
204,202105,경기,2,연금보험,3,168803,41936,정상,퇴직연금,1,120351
209,202104,경기,5,정기보험,6,143960,43489,정상,퇴직연금,4,122098
408,202009,경기,4,종신보험,16,110254,78341,정상,국민연금,17,149866
161,202008,대구,4,연금보험,8,138433,28541,지연,개인연금,20,47949
84,202102,울산,2,종신보험,19,158371,44772,정상,개인연금,3,35609
168,202112,경기,1,정기보험,20,109826,57436,지연,개인연금,28,68733
12,202111,경기,4,종신보험,19,187270,63211,정상,개인연금,3,95803
54,202106,서울,3,정기보험,13,184940,90440,정상,퇴직연금,20,148575
46,202106,대전,3,정기보험,8,170106,93857,정상,개인연금,24,51460
386,202102,경기,4,연금보험,23,198840,43793,정상,국민연금,16,112956
362,202011,울산,2,정기보험,5,108566,63142,정상,퇴직연금,15,698
349,202008,부산,4,종신보험,12,67115,21788,정상,국민연금,4,6184
231,202101,울산,5,종신보험,11,122632,69361,정상,국민연금,8,193347
359,202101,서울,4,종신보험,18,161883,32232,정상,퇴직연금,25,170058
81,202011,인천,3,정기보험,14,166903,25859,정상,퇴직연금,11,172769
451,202012,대전,4,종신보험,20,108277,73737,정상,개인연금,1,65743
251,202008,인천,3,정기보험,23,93889,34250,지연,퇴직연금,22,102739
470,202106,대전,4,연금보험,10,116820,58190,미납,퇴직연금,20,134940
77,202111,부산,4,연금보험,21,170582,28076,정상,퇴직연금,2,50830
249,202107,광주,4,정기보험,5,59089,79653,지연,퇴직연금,2,148889
349,202103,대전,2,연금보험,22,99210,81185,지연,개인연금,4,138595
248,202103,대전,2,연금보험,5,84482,65984,미납,국민연금,2,81453
224,202101,대구,2,정기보험,21,170898,86873,정상,퇴직연금,18,86960
84,202010,대구,3,연금보험,10,120448,54944,정상,퇴직연금,4,61470
191,202106,대구,3,종신보험,24,63020,34916,정상,국민연금,18,160669
120,202105,인천,3,연금보험,4,89268,32106,지연,개인연금,6,197380
151,202008,광주,3,종신보험,12,56659,37541,지연,퇴직연금,29,199903
342,202103,대구,4,연금보험,22,121333,36024,정상,국민연금,22,154279
316,202012,인천,5,연금보험,2,199651,45856,정상,퇴직연금,11,69816
304,202010,대구,2,정기보험,7,135084,37147,지연,개인연금,13,156216
181,202107,부산,4,종신보험,3,180418,67286,지연,개인연금,2,48880
480,202104,대전,3,정기보험,8,161388,31868,정상,국민연금,2,179314
44,202106,울산,3,정기보험,10,182427,69743,정상,퇴직연금,16,53476
172,202108,대구,2,연금보험,15,96652,46728,정상,국민연금,1,80573
60,202112,울산,4,연금보험,7,192691,74940,정상,퇴직연금,19,18669
170,202109,광주,5,정기보험,4,85796,61033,정상,퇴직연금,12,16271
481,202106,부산,4,연금보험,5,115747,92415,지연,퇴직연금,5,78809
184,202110,대구,5,정기보험,23,152191,55190,미납,개인연금,16,110040
455,202104,서울,5,정기보험,23,93025,43603,정상,퇴직연금,17,3485
248,202112,서울,3,연금보험,6,89668,67129,정상,퇴직연금,22,169233
350,202108,대구,3,연금보험,5,69503,72700,정상,국민연금,6,22879
229,202107,인천,3,정기보험,2,50630,55139,정상,국민연금,16,199680
133,202111,울산,5,정기보험,24,125181,64777,정상,개인연금,25,54339
383,202104,부산,1,연금보험,17,198013,57669,정상,퇴직연금,8,75799
485,202108,울산,3,연금보험,19,83007,44466,정상,개인연금,25,31972
132,202012,부산,4,정기보험,7,116023,45085,정상,퇴직연금,21,164884
390,202112,부산,2,종신보험,16,190332,92593,정상,퇴직연금,13,146431
131,202106,대전,4,종신보험,2,165846,74026,지연,퇴직연금,26,15710
359,202109,울산,3,종신보험,17,50600,27638,정상,퇴직연금,29,21120
395,202103,광주,5,정기보험,14,125089,96966,정상,국민연금,7,121824
225,202110,서울,4,정기보험,8,71479,76960,미납,국민연금,29,173198
369,202009,서울,3,연금보험,18,87052,24013,정상,퇴직연금,1,21962
137,202009,인천,4,종신보험,16,86971,78229,정상,퇴직연금,4,44222
40,202104,인천,3,연금보험,11,141871,67169,정상,퇴직연금,2,109069
49,202108,경기,3,정기보험,5,79843,93226,정상,퇴직연금,11,21718
224,202109,대구,3,종신보험,1,87779,59149,정상,국민연금,28,60911
452,202103,부산,4,정기보험,23,83866,61486,정상,개인연금,18,2021
64,202107,경기,1,종신보험,7,103532,45176,정상,퇴직연금,18,99831
228,202105,부산,2,연금보험,8,148407,45729,정상,국민연금,3,143041
353,202112,서울,4,연금보험,17,109995,69433,정상,퇴직연금,15,82395
102,202107,인천,3,연금보험,7,99126,86219,정상,개인연금,12,51323
361,202103,인천,3,정기보험,10,127640,91253,정상,개인연금,14,84872
153,202112,광주,1,정기보험,18,142253,81664,정상,국민연금,8,101899
405,202009,경기,3,종신보험,15,52303,68781,지연,개인연금,6,33143
290,202112,경기,4,연금보험,16,183538,60025,정상,퇴직연금,28,22323
274,202010,대구,1,종신보험,1,187464,47168,정상,퇴직연금,17,36363
89,202012,경기,3,종신보험,11,140383,81428,정상,퇴직연금,12,197059
232,202109,대전,5,종신보험,12,136190,45451,정상,개인연금,3,144590
429,202108,서울,1,정기보험,16,154179,41430,미납,국민연금,23,25076
10,202112,경기,4,종신보험,4,116129,89429,정상,국민연금,14,60272
380,202108,부산,2,종신보험,4,104825,67160,정상,퇴직연금,12,82385
247,202106,광주,4,정기보험,19,102903,48337,미납,국민연금,20,36241
360,202101,울산,4,연금보험,17,73960,89214,지연,개인연금,4,170329
332,202008,부산,4,정기보험,20,176175,97014,정상,개인연금,16,188116
217,202010,대구,2,연금보험,7,98087,45438,정상,퇴직연금,26,48977
155,202101,인천,3,연금보험,24,92660,61713,정상,개인연금,14,3309
314,202008,경기,4,연금보험,7,194642,58683,정상,국민연금,1,53394
71,202104,부산,2,정기보험,16,126006,76131,정상,퇴직연금,7,116506
293,202109,대전,2,연금보험,4,143271,96083,정상,퇴직연금,2,161699
48,202112,인천,1,연금보험,23,86816,63882,지연,국민연금,15,67909
325,202104,서울,5,연금보험,8,91626,83856,정상,국민연금,11,54667
315,202110,대전,4,정기보험,20,159250,67648,정상,퇴직연금,4,49772
43,202112,울산,3,종신보험,8,117637,90963,정상,퇴직연금,20,574
379,202110,광주,4,정기보험,19,72161,52367,정상,국민연금,6,2803
208,202103,부산,3,연금보험,11,175326,50819,정상,퇴직연금,10,85582
394,202101,부산,3,연금보험,2,110414,53793,지연,개인연금,29,123510
21,202112,인천,3,정기보험,5,150266,99720,정상,국민연금,2,2507
90,202012,광주,3,종신보험,17,101191,68915,정상,개인연금,8,40056
247,202102,광주,2,정기보험,5,134097,32205,정상,퇴직연금,10,181958
95,202009,부산,4,연금보험,7,166344,23271,정상,퇴직연금,15,198014
165,202109,광주,4,정기보험,14,182774,61501,정상,개인연금,8,128362
331,202107,대구,3,정기보험,7,81101,84455,미납,퇴직연금,29,104334
73,202009,대전,3,정기보험,4,150865,58341,정상,개인연금,1,116602
339,202011,울산,2,종신보험,15,187195,64816,정상,국민연금,28,74097
52,202105,대전,5,종신보험,17,146409,83874,미납,국민연금,16,40317
88,202105,서울,5,연금보험,18,71463,61307,정상,퇴직연금,2,75188
294,202109,경기,5,종신보험,23,78465,92689,미납,국민연금,4,139989
397,202012,서울,3,연금보험,3,80420,71034,정상,국민연금,3,132525
86,202111,경기,2,종신보험,11,65958,78491,정상,퇴직연금,9,135450
150,202103,서울,2,정기보험,6,163059,82517,미납,개인연금,10,121744
463,202109,광주,1,정기보험,22,194771,70145,정상,국민연금,19,12092
495,202012,서울,2,연금보험,13,127531,24005,정상,개인연금,10,125293
291,202008,서울,1,연금보험,3,139828,54194,정상,퇴직연금,22,176169
224,202008,대전,5,정기보험,17,166055,31318,정상,국민연금,9,129778
174,202102,대전,1,정기보험,2,112352,60826,정상,국민연금,8,115882
307,202112,서울,2,연금보험,7,120868,31453,정상,개인연금,8,44790
296,202008,경기,4,정기보험,18,138353,60744,지연,국민연금,10,158493
148,202102,대구,3,종신보험,13,95696,47507,정상,퇴직연금,25,90314
12,202009,대구,4,정기보험,19,59271,21629,정상,개인연금,8,52582
76,202111,대구,3,종신보험,14,135165,29989,정상,퇴직연금,8,97968
480,202107,인천,4,정기보험,21,173319,60243,정상,국민연금,28,24409
210,202108,부산,3,정기보험,14,60984,26305,정상,국민연금,19,185279
242,202108,인천,3,종신보험,2,82496,88477,정상,개인연금,6,140489
234,202107,부산,4,종신보험,2,89448,80695,정상,퇴직연금,26,65310
392,202109,서울,3,연금보험,19,170681,76741,정상,국민연금,6,158776
33,202008,대구,3,정기보험,1,125689,33769,정상,국민연금,5,10834
42,202110,대전,3,종신보험,10,130156,83656,정상,퇴직연금,13,77206
138,202108,울산,2,연금보험,1,146789,70775,정상,국민연금,21,130276
244,202108,대구,4,연금보험,8,91485,51238,미납,퇴직연금,6,4738
336,202102,대구,2,연금보험,15,157031,20033,미납,국민연금,22,141745
246,202109,울산,2,연금보험,5,54531,62317,정상,개인연금,5,163650
221,202102,대전,2,연금보험,12,67057,83672,미납,퇴직연금,23,118826
469,202008,울산,4,정기보험,24,172375,22678,지연,개인연금,3,41218
81,202111,경기,3,종신보험,2,148730,24210,정상,국민연금,14,149816
286,202011,울산,3,연금보험,2,76469,50639,지연,퇴직연금,19,67806
272,202009,경기,4,종신보험,7,115813,60925,정상,국민연금,8,147179
237,202106,인천,1,종신보험,20,57770,57953,정상,퇴직연금,18,125646
404,202011,인천,4,연금보험,10,150777,54096,정상,개인연금,20,18681
134,202110,대구,3,연금보험,16,163381,40416,정상,국민연금,19,19990
477,202103,부산,2,정기보험,1,91759,24789,정상,개인연금,12,3032
166,202008,대전,3,연금보험,18,102506,22499,미납,퇴직연금,23,14399
273,202112,대전,5,연금보험,2,85522,27904,정상,개인연금,22,59931
261,202104,울산,2,연금보험,18,108400,75232,정상,국민연금,10,5140
425,202012,부산,3,종신보험,4,90847,82878,정상,개인연금,22,187694
220,202107,인천,2,정기보험,21,87060,54807,정상,퇴직연금,27,183327
143,202105,부산,3,종신보험,8,114530,26193,지연,국민연금,24,34521
11,202008,경기,3,연금보험,5,178876,53254,지연,국민연금,22,62276
182,202108,대구,3,종신보험,9,164410,98851,정상,개인연금,23,148438
414,202102,부산,3,연금보험,1,94599,39998,정상,개인연금,24,132131
5,202107,광주,2,종신보험,4,191426,59289,정상,국민연금,9,116323
449,202111,경기,3,정기보험,15,81528,63026,정상,퇴직연금,21,197847
272,202106,경기,3,종신보험,8,186611,46394,지연,개인연금,6,125958
71,202107,서울,3,연금보험,9,96387,55042,지연,퇴직연금,11,133890
152,202012,대구,1,정기보험,20,131039,57739,정상,국민연금,28,100417
278,202012,부산,3,연금보험,3,80472,57918,정상,퇴직연금,9,105018
158,202103,대구,3,종신보험,10,164303,77414,정상,퇴직연금,25,58206
55,202110,광주,1,정기보험,5,97648,66469,정상,국민연금,13,104183
333,202104,대구,2,연금보험,12,180885,24272,정상,개인연금,7,183634
337,202101,서울,3,연금보험,8,62440,20505,정상,국민연금,3,75383
60,202109,광주,4,종신보험,2,125300,52855,정상,개인연금,16,26644
141,202110,서울,2,정기보험,2,73779,92615,미납,개인연금,14,119955
122,202111,부산,4,정기보험,21,183343,22951,정상,개인연금,15,157039
330,202101,서울,3,정기보험,2,112557,25686,정상,개인연금,2,191758
366,202108,서울,4,정기보험,19,151171,74340,정상,국민연금,8,108432
364,202106,인천,3,종신보험,22,181920,56073,정상,국민연금,1,157608
470,202103,울산,3,연금보험,12,130345,38450,정상,개인연금,9,50094
385,202102,울산,3,종신보험,8,58593,36589,정상,개인연금,28,84845
161,202009,서울,5,종신보험,19,83108,73200,지연,개인연금,5,83808
54,202012,서울,3,연금보험,24,81901,61902,정상,퇴직연금,20,66488
308,202105,대구,3,연금보험,3,187127,71058,정상,퇴직연금,1,143232
459,202111,대전,3,정기보험,24,186251,42418,지연,국민연금,17,176706
488,202110,대전,4,연금보험,23,121543,62109,정상,국민연금,27,65315
116,202011,울산,1,정기보험,4,183502,88800,정상,퇴직연금,10,27157
119,202107,대구,3,정기보험,2,86902,45326,정상,국민연금,6,165086
19,202009,부산,3,종신보험,18,151917,51708,정상,국민연금,17,169917
71,202107,서울,5,종신보험,2,108790,33099,지연,국민연금,9,186982
278,202101,부산,3,정기보험,15,86071,71100,미납,국민연금,26,51015
274,202103,서울,3,정기보험,2,87501,22600,정상,개인연금,25,143807
186,202108,울산,5,연금보험,17,112971,39910,정상,개인연금,19,143125
155,202103,대구,3,정기보험,6,100948,77044,정상,개인연금,19,158004
415,202109,울산,2,연금보험,3,81683,21552,지연,국민연금,18,161244
231,202105,광주,2,정기보험,2,100121,99127,정상,퇴직연금,22,190502
405,202112,광주,1,종신보험,5,69288,52332,지연,개인연금,14,95399
482,202106,인천,1,연금보험,13,195450,51896,정상,퇴직연금,29,15182
159,202101,울산,3,정기보험,2,106999,62918,정상,퇴직연금,11,38456
102,202109,서울,4,정기보험,20,66107,71134,정상,개인연금,1,177324
477,202102,서울,4,정기보험,15,136373,56763,정상,개인연금,21,168953
318,202105,인천,1,종신보험,8,182468,90739,지연,개인연금,20,2214
146,202010,인천,3,정기보험,24,103989,96961,정상,퇴직연금,29,73501
311,202010,광주,2,정기보험,16,176786,36028,정상,퇴직연금,12,49036
258,202105,대전,5,정기보험,17,141623,76547,정상,개인연금,13,64136
453,202011,광주,2,종신보험,5,160887,44073,정상,개인연금,17,127759
128,202112,대구,3,정기보험,18,94438,99653,정상,퇴직연금,12,102003
496,202110,대구,3,정기보험,14,55540,40265,정상,퇴직연금,23,96179
469,202107,울산,3,정기보험,24,101877,43604,정상,퇴직연금,13,87017
91,202108,부산,3,종신보험,12,188668,77139,정상,국민연금,23,128322
83,202106,광주,4,정기보험,17,168601,83124,지연,퇴직연금,13,136610
267,202009,광주,2,종신보험,9,167624,30286,정상,퇴직연금,7,8694
23,202102,울산,5,정기보험,1,181747,64444,지연,개인연금,29,27439
150,202104,대전,3,종신보험,4,105989,47653,지연,퇴직연금,16,68233
218,202111,인천,4,정기보험,21,98305,68940,정상,국민연금,21,87137
485,202011,대구,4,연금보험,18,188779,64538,정상,개인연금,18,199243
497,202104,대구,5,연금보험,9,135727,98868,미납,퇴직연금,11,178340
76,202101,인천,2,연금보험,17,94693,94693,정상,국민연금,29,129754
446,202010,부산,2,연금보험,1,91724,72318,정상,개인연금,11,7212
46,202009,대전,2,종신보험,1,181591,74353,정상,퇴직연금,29,20137
375,202102,부산,2,정기보험,13,58000,91905,정상,퇴직연금,13,91467
423,202009,대전,3,정기보험,15,59254,34679,정상,개인연금,1,117409
446,202009,울산,5,연금보험,23,160678,78060,지연,개인연금,2,132106
112,202101,경기,5,정기보험,19,50202,81766,정상,퇴직연금,29,28387
447,202011,서울,3,연금보험,7,75650,30190,지연,퇴직연금,16,177542
58,202105,울산,3,종신보험,20,198594,90504,정상,개인연금,12,98644
260,202008,서울,4,종신보험,12,113856,75953,정상,국민연금,24,118757
235,202101,대구,5,종신보험,20,159149,47770,정상,개인연금,18,7861
158,202103,부산,2,정기보험,5,123056,58745,정상,퇴직연금,20,164896
12,202112,부산,3,정기보험,1,63585,59167,정상,개인연금,20,108610
387,202106,부산,4,종신보험,2,77670,93503,정상,퇴직연금,6,44538
168,202110,서울,3,연금보험,24,164164,97539,정상,개인연금,3,63770
331,202101,울산,3,연금보험,2,64183,84546,정상,국민연금,22,70561
206,202103,서울,5,정기보험,23,139192,72176,정상,개인연금,1,5411
187,202103,인천,5,종신보험,18,102201,28330,정상,국민연금,21,188426
444,202111,대전,5,연금보험,4,105544,93185,정상,퇴직연금,4,160597
48,202112,경기,4,연금보험,21,192842,30713,정상,국민연금,8,177195
369,202112,울산,2,종신보험,4,140890,33344,정상,개인연금,21,70728
374,202108,부산,3,종신보험,4,142270,25568,정상,개인연금,19,111590
190,202104,경기,3,정기보험,14,102553,95819,정상,국민연금,23,91652
132,202105,대전,3,정기보험,7,107211,59459,정상,개인연금,18,95097
3,202112,부산,3,종신보험,7,152865,38877,정상,국민연금,2,117785
469,202012,인천,3,연금보험,5,55836,26461,정상,퇴직연금,25,90213
474,202101,경기,3,정기보험,15,85595,52959,정상,국민연금,7,154648
121,202111,인천,4,정기보험,1,140040,77894,정상,국민연금,4,11757
16,202102,부산,3,종신보험,6,143530,99564,지연,국민연금,26,38529
62,202011,경기,3,연금보험,14,63838,64188,지연,퇴직연금,6,178475
34,202105,경기,2,종신보험,12,168173,68570,정상,퇴직연금,16,176468
416,202101,경기,2,연금보험,17,131381,86870,정상,개인연금,15,163629
446,202111,경기,4,정기보험,6,85657,92146,정상,국민연금,23,73750
77,202111,울산,3,연금보험,16,162792,42383,미납,개인연금,2,91250
374,202101,인천,2,종신보험,19,198631,99351,정상,국민연금,4,5054
90,202105,부산,4,종신보험,10,113537,61531,정상,국민연금,13,55887
184,202112,광주,3,연금보험,7,92516,94411,정상,국민연금,14,145287
300,202108,부산,1,연금보험,14,94911,29398,정상,국민연금,23,68584
360,202011,인천,3,정기보험,14,138890,27794,정상,퇴직연금,18,96052
438,202106,대전,2,종신보험,3,57107,90768,정상,개인연금,5,24632
23,202106,경기,3,연금보험,14,122514,73805,정상,개인연금,29,99275
99,202107,대구,2,정기보험,4,53716,34000,정상,개인연금,14,144357
141,202008,대구,1,연금보험,14,55787,91593,지연,퇴직연금,28,114425
156,202101,대전,1,연금보험,23,114503,28188,지연,국민연금,29,111333
500,202110,서울,3,연금보험,13,161827,74583,정상,퇴직연금,2,182916
389,202012,광주,1,연금보험,19,182501,36404,정상,개인연금,15,46820
161,202101,대전,4,연금보험,8,63145,25647,정상,국민연금,13,59889
486,202101,광주,2,정기보험,23,86609,84498,지연,국민연금,15,124601
250,202011,인천,3,종신보험,20,113249,87791,지연,개인연금,9,96037
251,202010,울산,3,정기보험,23,136108,28465,정상,국민연금,17,195846
217,202101,대구,3,연금보험,18,198057,27450,지연,개인연금,15,11935
72,202110,대전,1,연금보험,16,152645,69154,정상,개인연금,6,24479
468,202008,인천,4,정기보험,13,130754,22296,정상,퇴직연금,9,68399
7,202012,서울,4,연금보험,23,59124,79694,정상,퇴직연금,5,91697
88,202009,광주,1,종신보험,21,62122,93252,정상,국민연금,25,178090
115,202105,서울,2,정기보험,11,72965,80086,정상,퇴직연금,20,98831
140,202012,경기,5,정기보험,3,149118,38455,정상,개인연금,12,87430
66,202109,광주,3,연금보험,1,99691,35204,미납,개인연금,12,33359
9,202105,대구,2,종신보험,6,86141,74448,정상,퇴직연금,3,86849
339,202109,인천,2,종신보험,2,150513,24929,지연,개인연금,9,106316
485,202106,광주,3,정기보험,6,172304,63015,지연,개인연금,27,116756
61,202103,대구,4,종신보험,3,115855,55904,정상,국민연금,1,121195
149,202110,대구,3,정기보험,24,182277,79567,미납,퇴직연금,5,85928
254,202104,인천,5,정기보험,3,160129,36198,정상,퇴직연금,25,31468
464,202112,대구,3,연금보험,16,157439,80986,정상,퇴직연금,16,30546
348,202112,울산,3,연금보험,9,180139,75941,정상,개인연금,1,30944
384,202106,서울,3,종신보험,5,77571,39097,정상,개인연금,15,123717
291,202107,울산,3,종신보험,17,163755,48535,지연,퇴직연금,22,171269
209,202012,대구,2,종신보험,24,193660,25281,정상,국민연금,11,176622
100,202109,광주,1,종신보험,19,198837,55948,정상,개인연금,12,62277
433,202107,부산,3,연금보험,24,136706,40848,정상,개인연금,19,15925
403,202111,인천,4,종신보험,15,163154,29078,정상,개인연금,18,126066
13,202012,울산,1,종신보험,17,183291,64792,지연,퇴직연금,27,7675
358,202109,대구,3,연금보험,4,177826,65404,정상,국민연금,8,125354
43,202103,부산,3,연금보험,21,184668,26875,지연,퇴직연금,9,76620
370,202011,광주,3,종신보험,18,174854,34841,정상,국민연금,5,167834
413,202010,부산,4,종신보험,7,107196,26608,지연,퇴직연금,20,125074
66,202105,대구,4,정기보험,9,159539,74318,정상,개인연금,16,147978
217,202101,인천,4,정기보험,15,111565,47042,정상,국민연금,11,81144
62,202009,광주,2,연금보험,1,170270,25693,정상,개인연금,21,168115
284,202103,대전,3,정기보험,20,171536,35323,정상,국민연금,11,105025
464,202107,대전,3,종신보험,7,190202,98071,지연,국민연금,6,125042
41,202101,울산,2,정기보험,2,138247,40460,정상,개인연금,16,72125
199,202112,서울,1,정기보험,8,121281,74762,정상,국민연금,13,89891
487,202109,대구,2,정기보험,21,74831,57475,지연,개인연금,12,168028
151,202104,서울,3,정기보험,7,145743,34538,정상,개인연금,13,78713
67,202111,서울,3,연금보험,13,134960,44590,정상,국민연금,27,4275
245,202103,부산,2,연금보험,20,127240,21127,미납,국민연금,7,75805
255,202010,광주,4,종신보험,1,151448,79759,정상,국민연금,8,78391
332,202008,경기,5,정기보험,19,177655,46757,지연,국민연금,17,83678
157,202111,울산,2,연금보험,7,72300,59939,정상,개인연금,2,14132
478,202112,대전,5,정기보험,17,114703,32225,지연,개인연금,5,25861
261,202108,울산,1,정기보험,5,158345,85936,정상,개인연금,17,64807
144,202009,부산,5,종신보험,4,172959,37472,정상,개인연금,15,84791
481,202012,울산,5,종신보험,19,166758,65302,정상,개인연금,19,5802
463,202008,경기,1,연금보험,20,169903,89820,지연,개인연금,4,77888
250,202008,서울,4,연금보험,24,178255,77055,정상,개인연금,25,64025
13,202012,인천,5,연금보험,17,194282,68256,미납,퇴직연금,15,6914
299,202105,울산,5,종신보험,12,141209,91043,정상,개인연금,5,50081
278,202009,인천,5,종신보험,5,87338,34116,정상,국민연금,10,55026
75,202112,울산,3,종신보험,8,134531,97084,지연,퇴직연금,7,28705
317,202103,경기,1,정기보험,16,156442,64532,정상,개인연금,14,150381
421,202012,인천,4,정기보험,9,65105,52788,정상,국민연금,14,14474
53,202104,서울,3,연금보험,12,163537,40462,지연,국민연금,13,115589
362,202109,대구,3,연금보험,5,131631,79594,정상,국민연금,14,133067
71,202101,부산,3,종신보험,11,190441,98096,정상,국민연금,27,161233
375,202008,인천,3,연금보험,6,81773,75209,정상,퇴직연금,28,109116
210,202008,광주,2,종신보험,3,186035,22620,정상,개인연금,15,108537
4,202110,인천,4,종신보험,4,117200,57526,정상,국민연금,28,152161
484,202009,부산,1,정기보험,13,136028,78585,정상,개인연금,24,170816
83,202106,대구,4,종신보험,9,149000,51794,정상,개인연금,24,42189
299,202102,대전,4,정기보험,3,136872,81839,정상,개인연금,7,159213
91,202109,서울,3,정기보험,13,185574,76583,정상,개인연금,13,92473
467,202009,부산,3,종신보험,4,75093,25373,정상,국민연금,11,19656
370,202111,경기,3,정기보험,1,159481,64637,정상,퇴직연금,3,122485
403,202107,서울,5,정기보험,4,196244,33749,정상,개인연금,3,195401
217,202103,인천,4,연금보험,11,83017,58921,정상,개인연금,19,28140
234,202011,부산,3,종신보험,23,88252,50744,지연,퇴직연금,13,2949
318,202112,서울,2,종신보험,6,121251,84551,정상,개인연금,24,183303
393,202101,인천,2,정기보험,7,158710,89452,정상,개인연금,20,119367
424,202104,광주,3,종신보험,6,193847,56917,정상,국민연금,3,43818
9,202102,부산,5,연금보험,9,169369,62959,정상,개인연금,25,158502
332,202011,서울,4,종신보험,18,169102,70087,지연,국민연금,15,78736
55,202103,부산,2,정기보험,8,116182,72424,미납,퇴직연금,17,66378
144,202010,대전,4,연금보험,16,146807,70829,미납,국민연금,29,57961
415,202008,울산,3,종신보험,22,81679,82641,정상,개인연금,19,119713
126,202012,부산,4,종신보험,23,119472,98558,정상,국민연금,1,26908
399,202009,대구,2,연금보험,14,78344,86249,정상,퇴직연금,6,72424
232,202103,대구,3,정기보험,18,54068,30777,정상,개인연금,13,61015
117,202110,대구,5,종신보험,23,178474,58102,정상,개인연금,2,12122
168,202010,부산,2,종신보험,19,170709,56903,정상,국민연금,5,152631
266,202008,서울,3,연금보험,8,126613,60703,정상,개인연금,23,1692
383,202009,광주,5,연금보험,4,52174,62277,미납,퇴직연금,5,191944
304,202104,대구,2,정기보험,3,63520,77440,정상,개인연금,5,18972
467,202012,대구,1,정기보험,22,66765,53681,정상,퇴직연금,15,71647
434,202104,대구,3,연금보험,14,157552,41067,지연,국민연금,3,19681
377,202008,경기,3,종신보험,8,80523,56607,지연,국민연금,8,73375
302,202101,광주,1,종신보험,9,87525,88359,정상,국민연금,28,122177
145,202102,인천,3,연금보험,7,179164,44914,정상,개인연금,19,17496
207,202103,부산,4,종신보험,20,181459,21662,정상,개인연금,28,105173
60,202105,울산,2,연금보험,15,164458,98103,정상,퇴직연금,11,154375
188,202109,경기,3,정기보험,22,96435,35661,정상,개인연금,18,91092
464,202103,서울,4,연금보험,8,136990,68227,정상,국민연금,7,22489
213,202110,경기,3,종신보험,12,80040,84015,정상,개인연금,11,138384
57,202105,대전,4,연금보험,3,178685,41957,정상,국민연금,6,37296
326,202012,서울,3,종신보험,24,62728,47220,정상,국민연금,25,3365
482,202011,울산,5,종신보험,13,161660,42439,지연,개인연금,6,87357
434,202101,서울,3,연금보험,14,126729,31986,정상,퇴직연금,6,54196
138,202106,서울,2,정기보험,10,163620,32235,정상,국민연금,14,5695
227,202012,서울,4,연금보험,7,117610,34940,정상,개인연금,13,155478
266,202111,인천,3,종신보험,23,73718,56643,지연,국민연금,10,119946
124,202104,광주,2,종신보험,12,162696,62460,정상,개인연금,11,181995
135,202110,인천,2,정기보험,17,144661,21278,지연,국민연금,9,96073
119,202107,서울,3,연금보험,1,119690,87694,정상,국민연금,27,87667
498,202101,부산,1,정기보험,7,105908,74072,정상,국민연금,17,168525
374,202011,울산,2,연금보험,20,101572,25652,정상,퇴직연금,27,16296
421,202108,경기,2,연금보험,3,122170,87417,정상,국민연금,29,72333
409,202101,울산,3,연금보험,3,89248,22438,지연,국민연금,19,159745
480,202012,서울,3,정기보험,20,92354,64842,정상,개인연금,24,58508
53,202111,울산,3,연금보험,8,91722,57213,정상,퇴직연금,4,177034
441,202104,대전,2,정기보험,7,51901,60171,정상,퇴직연금,28,56806
34,202008,광주,1,연금보험,14,189177,96494,정상,국민연금,14,82732
238,202104,부산,3,정기보험,5,85482,94164,정상,국민연금,21,179473
298,202103,경기,3,정기보험,2,74761,42320,정상,국민연금,8,48671
179,202110,인천,3,정기보험,1,72675,66373,미납,개인연금,3,193622
74,202108,서울,2,정기보험,2,198226,96733,지연,국민연금,26,8794
97,202011,부산,1,연금보험,4,121511,78308,지연,국민연금,14,53159
413,202010,인천,2,연금보험,17,99037,91014,정상,개인연금,5,118216
160,202106,서울,3,정기보험,8,110583,54785,정상,퇴직연금,20,118822
156,202008,대구,3,종신보험,2,63258,42650,정상,개인연금,2,181973
462,202101,인천,4,정기보험,1,97050,60852,정상,퇴직연금,14,191962
72,202010,경기,3,종신보험,12,87303,85355,정상,개인연금,21,135577
458,202008,서울,3,종신보험,21,170482,94305,정상,개인연금,21,131947
461,202111,광주,3,종신보험,9,58762,74869,정상,퇴직연금,14,63449
300,202009,경기,1,정기보험,2,113817,76522,정상,개인연금,11,161130
83,202008,울산,3,연금보험,6,168504,60945,지연,퇴직연금,25,128577
78,202111,경기,3,정기보험,12,175039,45568,정상,개인연금,6,4814
143,202011,부산,3,정기보험,5,126882,53833,정상,퇴직연금,3,166413
289,202109,울산,2,종신보험,24,83379,59816,정상,개인연금,5,71932
77,202008,경기,4,연금보험,19,100547,85240,정상,퇴직연금,24,95166
228,202010,대구,5,종신보험,9,83343,64427,지연,퇴직연금,14,97219
58,202009,인천,1,연금보험,23,149307,83446,정상,퇴직연금,2,163949
271,202108,광주,3,연금보험,8,93896,22188,지연,개인연금,5,53585
11,202106,인천,4,연금보험,4,144596,80554,지연,개인연금,1,78381
355,202104,대구,2,종신보험,23,148354,60565,정상,개인연금,24,7824
28,202012,경기,4,종신보험,24,190980,99860,정상,개인연금,14,69701
98,202009,경기,3,종신보험,8,105552,57737,정상,국민연금,2,17673
88,202105,인천,5,연금보험,15,194189,58280,정상,개인연금,7,116597
416,202011,울산,5,종신보험,5,110107,30197,정상,개인연금,18,178638
27,202106,인천,1,연금보험,16,152102,84553,미납,국민연금,18,92937
215,202107,울산,3,종신보험,17,149242,76122,정상,개인연금,24,182421
296,202110,광주,3,종신보험,18,172672,88998,지연,퇴직연금,1,195422
258,202104,인천,2,종신보험,14,120366,27419,정상,국민연금,3,10760
341,202008,부산,3,연금보험,17,168863,36928,미납,국민연금,2,103277
402,202012,대전,5,정기보험,14,103300,90158,정상,퇴직연금,12,105655
197,202110,대구,1,정기보험,20,123695,23365,정상,국민연금,22,77034
415,202105,부산,3,정기보험,5,124951,60656,정상,개인연금,20,166093
159,202106,부산,4,정기보험,12,155668,52379,정상,개인연금,7,78986
493,202103,경기,3,정기보험,10,142752,95154,지연,개인연금,20,11038
253,202010,서울,3,정기보험,13,61738,88538,정상,퇴직연금,20,109587
369,202111,울산,5,종신보험,4,171359,91737,정상,퇴직연금,6,40381
438,202109,울산,3,종신보험,8,163703,43128,정상,개인연금,22,70982
397,202112,서울,2,정기보험,23,65682,67000,정상,개인연금,13,100377
426,202110,광주,1,종신보험,3,194274,76000,정상,국민연금,2,144581
269,202012,광주,5,정기보험,16,149108,97397,정상,퇴직연금,12,55632
22,202012,대구,2,종신보험,16,62746,20587,정상,개인연금,23,76132
247,202012,대전,3,연금보험,12,123709,98162,정상,개인연금,21,13580
91,202111,인천,1,종신보험,1,175417,48429,정상,개인연금,8,76828
445,202105,인천,3,종신보험,1,91974,30261,미납,국민연금,22,116045
119,202103,인천,5,정기보험,7,189947,69241,정상,퇴직연금,12,123394
115,202112,울산,3,종신보험,3,112760,82523,정상,국민연금,14,58647
125,202106,대전,5,정기보험,3,83928,30380,정상,개인연금,3,12169
322,202111,인천,2,종신보험,4,103467,23261,정상,퇴직연금,29,115462
286,202112,경기,3,종신보험,5,128721,91728,정상,국민연금,25,131070
475,202009,울산,4,연금보험,21,153219,94696,정상,국민연금,6,17034
209,202102,경기,3,연금보험,16,189178,32501,정상,개인연금,17,100994
142,202108,대전,2,종신보험,1,79234,92324,정상,개인연금,23,19016
25,202109,인천,4,연금보험,16,194033,92783,정상,개인연금,15,90605
4,202010,울산,3,연금보험,4,129155,99794,미납,개인연금,7,128168
187,202101,대구,3,정기보험,11,69182,37311,정상,개인연금,29,143850
463,202105,대구,5,정기보험,1,188970,66302,정상,개인연금,8,142756
262,202109,인천,2,연금보험,3,102350,99542,정상,개인연금,10,151651
447,202009,경기,3,정기보험,4,143087,92211,정상,개인연금,11,48247
51,202106,광주,1,정기보험,11,154721,68379,지연,퇴직연금,26,169252
47,202101,인천,3,정기보험,12,52011,35769,정상,개인연금,15,69934
417,202011,인천,2,연금보험,9,83233,26747,정상,개인연금,21,74960
54,202104,대구,3,연금보험,15,152968,40733,정상,국민연금,27,157516
26,202103,대전,2,종신보험,18,98715,25222,정상,개인연금,27,65407
203,202106,대구,3,정기보험,18,51399,35621,미납,퇴직연금,25,14974
463,202101,광주,2,연금보험,14,53493,25993,정상,국민연금,27,142868
345,202109,대구,3,종신보험,14,173966,80978,지연,국민연금,28,132420
50,202009,대구,3,연금보험,12,73028,67191,정상,국민연금,29,116360
419,202110,경기,4,연금보험,6,65063,61430,미납,개인연금,19,28656
422,202008,대구,3,연금보험,12,134349,84766,정상,개인연금,4,126360
401,202108,서울,3,종신보험,1,67840,52865,정상,국민연금,4,39681
452,202101,인천,4,정기보험,24,147963,52237,지연,퇴직연금,24,111104
120,202102,광주,3,정기보험,9,131614,36554,정상,퇴직연금,10,101584
490,202008,서울,2,정기보험,19,147336,55586,정상,퇴직연금,24,154538
161,202107,대구,5,연금보험,23,123740,33961,미납,퇴직연금,28,195316
402,202010,부산,3,정기보험,12,166754,67143,정상,개인연금,19,38008
290,202107,광주,1,정기보험,21,146713,99796,정상,퇴직연금,23,22941
390,202108,대전,3,연금보험,12,112292,62643,정상,퇴직연금,9,111142
314,202110,경기,2,연금보험,4,52306,43922,지연,퇴직연금,13,190396
322,202108,인천,2,연금보험,1,91023,75044,지연,퇴직연금,28,31620
309,202101,울산,4,정기보험,4,69714,85600,정상,개인연금,24,97477
390,202108,부산,2,연금보험,23,52337,57742,정상,퇴직연금,6,81450
370,202110,울산,4,종신보험,12,90975,40026,정상,개인연금,28,63608
68,202101,광주,5,정기보험,8,80994,77108,정상,퇴직연금,15,132798
414,202010,울산,3,정기보험,11,61511,34981,지연,개인연금,25,59096
269,202111,울산,4,종신보험,7,96858,99784,정상,개인연금,16,98614
162,202010,광주,4,정기보험,21,125984,45425,정상,개인연금,18,169080
258,202106,대구,5,정기보험,24,76731,48023,정상,퇴직연금,5,75918
484,202012,광주,3,정기보험,3,90966,78154,정상,퇴직연금,10,4220
429,202010,울산,2,종신보험,18,53021,20977,지연,퇴직연금,21,176994
417,202109,경기,3,종신보험,9,57560,36229,정상,퇴직연금,25,54900
232,202010,경기,3,종신보험,2,73617,30050,정상,개인연금,3,154565
393,202107,부산,2,정기보험,23,117938,51284,지연,개인연금,3,152555
193,202107,광주,3,종신보험,2,149914,64281,미납,개인연금,21,105258
344,202009,서울,1,정기보험,5,168250,34368,정상,개인연금,13,17563
320,202010,대전,5,연금보험,1,144437,47540,미납,개인연금,25,190010
125,202109,경기,2,연금보험,12,142527,81775,정상,퇴직연금,2,136174
134,202104,서울,1,종신보험,15,190352,95198,지연,국민연금,11,84873
31,202010,대전,2,연금보험,8,88346,21142,정상,퇴직연금,2,170778
70,202112,경기,2,종신보험,2,169725,70195,정상,개인연금,21,157614
217,202012,울산,2,종신보험,3,190530,22054,정상,개인연금,25,152060
239,202008,인천,1,종신보험,23,135163,61628,정상,퇴직연금,5,33587
83,202111,서울,2,종신보험,20,176083,90357,정상,개인연금,10,126568
209,202008,경기,2,연금보험,23,70633,83843,정상,국민연금,25,57158
303,202105,경기,3,종신보험,13,181817,38617,정상,퇴직연금,2,15696
117,202112,광주,3,연금보험,14,134610,40687,정상,개인연금,28,67617
170,202105,경기,3,정기보험,19,83230,82681,정상,퇴직연금,26,20806
184,202105,서울,3,종신보험,15,59239,85579,정상,개인연금,5,21164
253,202102,광주,1,정기보험,11,157989,42472,미납,퇴직연금,5,145407
184,202010,서울,1,종신보험,8,114632,20244,미납,퇴직연금,21,100360
369,202105,경기,2,정기보험,12,96500,55556,정상,퇴직연금,1,79574
164,202111,대전,4,정기보험,2,108538,69574,정상,개인연금,15,38452
217,202009,경기,5,정기보험,5,198651,55500,정상,국민연금,2,154191
190,202110,광주,5,종신보험,18,114172,94780,정상,국민연금,16,126837
92,202103,서울,3,연금보험,21,61816,85088,지연,퇴직연금,11,117117
343,202105,서울,3,정기보험,3,91973,83028,정상,국민연금,21,38018
118,202010,대구,3,종신보험,3,71804,21623,정상,퇴직연금,26,24709
149,202106,대전,4,정기보험,3,152874,88290,정상,퇴직연금,15,24701
397,202011,부산,4,종신보험,19,170059,80419,정상,국민연금,19,5008
475,202012,울산,4,연금보험,8,176141,51756,지연,퇴직연금,18,193817
336,202108,부산,4,연금보험,8,144932,67163,정상,퇴직연금,29,73548
459,202008,인천,3,종신보험,1,165277,85939,정상,개인연금,7,131648
428,202103,부산,4,연금보험,24,112593,92497,정상,국민연금,7,196448
241,202106,인천,4,연금보험,11,144162,64066,미납,개인연금,11,187290
386,202010,인천,3,정기보험,20,66046,23307,정상,퇴직연금,22,64116
165,202101,서울,5,종신보험,17,130751,69483,지연,개인연금,26,97977
231,202101,광주,1,연금보험,4,133620,74401,지연,국민연금,9,92608
268,202107,울산,5,연금보험,20,54662,24713,정상,국민연금,4,6680
481,202112,경기,4,연금보험,14,132246,85384,지연,퇴직연금,18,153658
425,202110,대구,1,연금보험,15,158440,36124,정상,퇴직연금,18,114874
245,202011,경기,3,연금보험,5,105138,91237,정상,퇴직연금,11,74290
327,202008,경기,1,연금보험,21,131747,64077,정상,국민연금,6,111665
102,202008,경기,4,종신보험,23,92911,45770,정상,퇴직연금,25,147090
403,202106,대구,4,정기보험,10,90611,24704,정상,개인연금,25,2995
277,202010,울산,3,종신보험,3,69424,21429,정상,개인연금,22,129209
267,202011,광주,4,종신보험,21,99176,79315,정상,국민연금,17,172248
384,202110,서울,1,연금보험,22,170479,50172,정상,퇴직연금,8,145281
317,202110,대구,2,연금보험,13,190341,87204,정상,퇴직연금,12,123994
37,202110,대전,3,정기보험,14,145343,38441,정상,퇴직연금,2,18108
145,202012,부산,1,연금보험,6,143654,93628,정상,개인연금,8,148938
89,202106,인천,3,종신보험,2,142073,95326,미납,퇴직연금,14,150133
368,202106,울산,2,종신보험,23,121386,28141,미납,개인연금,13,98784
18,202011,부산,3,연금보험,12,113455,71754,정상,개인연금,3,116532
102,202105,인천,3,정기보험,7,143138,95177,정상,국민연금,28,123680
299,202104,부산,4,정기보험,17,167660,45847,정상,개인연금,8,24224
348,202102,광주,2,정기보험,1,112061,25409,지연,국민연금,15,51493
252,202108,부산,4,종신보험,2,134883,90038,정상,퇴직연금,14,158460
431,202107,경기,3,연금보험,6,120527,57924,지연,퇴직연금,14,194751
460,202105,서울,3,연금보험,11,92826,22165,정상,퇴직연금,25,54019
67,202108,경기,3,연금보험,9,93546,87220,정상,퇴직연금,22,80144
477,202108,울산,3,정기보험,5,61815,74308,지연,국민연금,26,183058
308,202105,울산,2,정기보험,9,115977,25624,정상,국민연금,11,32465
319,202012,울산,3,연금보험,9,156868,40693,지연,개인연금,8,52236
48,202108,부산,2,정기보험,13,152838,21458,정상,개인연금,13,11183
311,202108,경기,3,정기보험,14,197850,96389,정상,개인연금,17,46953
363,202112,광주,3,종신보험,22,55991,21995,정상,퇴직연금,10,127234
291,202010,경기,3,정기보험,20,164098,83668,정상,개인연금,14,69644
43,202103,경기,4,정기보험,8,169254,60901,정상,퇴직연금,5,196675
262,202111,광주,2,정기보험,22,115465,66618,정상,국민연금,17,178311
468,202104,대구,5,종신보험,13,92446,84927,정상,국민연금,21,179158
362,202112,서울,4,종신보험,5,103565,91597,정상,국민연금,16,145274
69,202008,서울,5,연금보험,9,152383,30194,정상,퇴직연금,26,140420
480,202008,인천,4,정기보험,18,179325,21430,정상,개인연금,29,101933
480,202109,울산,2,정기보험,20,146408,29968,정상,국민연금,27,198119
85,202102,광주,3,정기보험,9,127128,74600,정상,퇴직연금,3,19073
401,202104,인천,2,정기보험,4,147894,65483,지연,국민연금,26,144565
204,202103,부산,4,연금보험,5,60589,26710,정상,퇴직연금,10,28051
297,202102,광주,3,종신보험,3,141219,38743,정상,퇴직연금,14,67850
223,202111,대전,2,연금보험,17,56321,62979,지연,국민연금,12,51124
392,202009,경기,5,종신보험,13,193865,78417,정상,퇴직연금,9,120243
499,202109,대전,2,정기보험,11,183381,47472,정상,국민연금,26,157442
398,202111,광주,3,정기보험,17,126251,95970,정상,개인연금,19,15953
466,202107,경기,4,연금보험,20,106112,99379,정상,개인연금,29,120330
474,202102,인천,1,종신보험,20,159847,81282,정상,개인연금,28,44336
46,202010,경기,3,정기보험,4,145637,56341,지연,개인연금,13,15399
127,202107,대구,4,종신보험,15,155817,90174,미납,국민연금,22,83508
361,202103,부산,1,종신보험,22,127337,78231,정상,개인연금,15,116253
296,202010,인천,3,연금보험,19,85440,61566,정상,국민연금,15,40363
26,202102,부산,2,연금보험,8,60987,55502,지연,개인연금,22,77960
48,202112,서울,3,정기보험,10,92495,86585,정상,개인연금,20,190700
261,202012,경기,2,정기보험,22,129349,64565,정상,개인연금,27,69350
309,202011,울산,5,정기보험,1,113602,34632,정상,개인연금,23,199119
84,202107,부산,4,종신보험,13,125954,99984,정상,개인연금,19,166844
86,202011,울산,2,정기보험,3,91654,25467,정상,개인연금,27,74187
65,202111,서울,3,종신보험,22,190680,75601,정상,국민연금,3,115361
283,202110,대구,3,연금보험,1,105011,72476,정상,국민연금,23,141845
4,202112,대전,4,정기보험,1,176923,66893,정상,개인연금,12,92928
287,202111,대구,3,종신보험,8,108644,24156,미납,국민연금,13,81554
238,202012,대전,2,정기보험,5,116537,59407,정상,퇴직연금,23,65947
233,202011,울산,2,연금보험,12,140579,91398,정상,국민연금,8,27901
340,202101,서울,5,종신보험,8,89469,39162,정상,퇴직연금,26,4985
262,202103,서울,3,연금보험,9,82983,75324,정상,개인연금,15,67385
364,202110,경기,4,정기보험,14,106878,88700,미납,개인연금,11,159147
382,202108,광주,3,정기보험,14,170643,96176,미납,퇴직연금,10,46674
461,202106,광주,5,연금보험,23,71690,61291,정상,퇴직연금,13,35949
400,202110,인천,1,정기보험,12,115630,45110,정상,퇴직연금,28,65615
259,202106,인천,2,종신보험,14,150817,75969,정상,퇴직연금,3,119779
247,202102,대전,5,연금보험,17,155936,58892,정상,퇴직연금,15,43004
118,202103,광주,5,종신보험,5,115161,70167,정상,개인연금,25,44078
300,202104,부산,3,정기보험,17,62216,79335,정상,국민연금,14,22469
70,202009,대전,3,연금보험,21,52385,76822,정상,퇴직연금,17,66441
466,202108,대전,3,정기보험,8,120494,39422,정상,퇴직연금,11,43485
423,202107,서울,3,연금보험,5,171506,80463,정상,퇴직연금,4,166241
60,202108,인천,2,정기보험,9,54232,63347,정상,국민연금,19,181151
393,202105,울산,4,종신보험,7,183121,94461,정상,국민연금,27,74101
59,202109,광주,2,종신보험,15,151386,72757,정상,퇴직연금,16,17044
361,202112,부산,4,정기보험,21,51208,91344,정상,개인연금,13,17490
44,202105,서울,1,종신보험,15,101556,98304,정상,개인연금,4,64951
245,202103,광주,1,정기보험,4,83075,99560,정상,개인연금,28,92693
329,202009,인천,3,정기보험,8,192387,79576,정상,개인연금,26,105689
365,202109,경기,3,연금보험,17,133217,67783,지연,퇴직연금,27,60826
210,202111,광주,3,종신보험,8,98618,29450,미납,국민연금,11,70902
461,202107,경기,1,연금보험,15,91707,50889,정상,퇴직연금,19,56737
388,202110,부산,5,정기보험,17,134570,58026,정상,개인연금,13,103521
105,202110,인천,4,정기보험,8,50764,82442,지연,퇴직연금,7,139380
336,202109,부산,4,정기보험,16,88608,67101,정상,개인연금,6,8684
366,202104,광주,2,종신보험,10,74811,55130,정상,국민연금,12,95742
167,202009,부산,3,연금보험,4,143016,31729,정상,국민연금,17,129713
370,202008,인천,3,종신보험,9,150383,77264,정상,국민연금,4,134510
450,202011,대구,3,종신보험,11,120056,54557,정상,국민연금,21,112695
409,202103,부산,2,연금보험,1,71004,22891,정상,퇴직연금,14,105028
382,202108,서울,1,정기보험,22,105594,42720,정상,퇴직연금,26,136193
318,202103,광주,3,연금보험,13,176435,90356,정상,퇴직연금,9,75674
136,202008,경기,2,정기보험,1,80553,29506,정상,국민연금,2,113451
398,202011,부산,3,종신보험,21,74505,52491,정상,퇴직연금,10,63892
183,202112,인천,2,종신보험,21,66728,60963,정상,국민연금,29,87580
267,202112,부산,2,정기보험,1,172507,26699,정상,퇴직연금,10,24817
158,202102,울산,3,종신보험,4,67981,33250,정상,국민연금,21,70028
157,202109,인천,3,연금보험,9,137242,95221,정상,국민연금,25,28416
79,202108,경기,3,종신보험,13,199856,67242,지연,국민연금,9,45287
481,202111,부산,3,연금보험,18,146271,36827,정상,국민연금,19,83892
74,202111,서울,4,종신보험,11,111846,33575,정상,퇴직연금,6,100013
44,202106,광주,3,종신보험,15,81024,54058,정상,퇴직연금,11,188398
469,202102,대전,3,종신보험,1,50289,77887,지연,퇴직연금,9,5210
278,202106,경기,5,종신보험,16,73334,78431,지연,퇴직연금,20,179712
219,202101,울산,3,정기보험,22,192939,35619,지연,국민연금,26,65648
369,202101,경기,5,종신보험,13,71540,78050,정상,국민연금,8,144833
192,202106,대전,4,정기보험,11,52996,91702,정상,개인연금,9,135574
64,202105,대구,1,정기보험,8,172410,38107,정상,개인연금,24,194169
365,202105,인천,3,종신보험,23,112787,22096,정상,국민연금,14,21743
88,202102,부산,3,종신보험,1,103549,96711,정상,국민연금,15,193437
277,202102,인천,5,종신보험,7,157621,61759,정상,국민연금,21,12578
475,202008,대구,3,종신보험,4,128454,82116,정상,국민연금,4,175461
469,202106,서울,1,종신보험,21,187189,45608,지연,국민연금,26,130435
181,202105,부산,3,종신보험,12,120139,43933,정상,퇴직연금,11,96382
391,202111,광주,2,정기보험,23,156932,38006,정상,개인연금,20,79554
307,202104,대구,4,종신보험,16,181829,37361,정상,개인연금,13,18719
240,202103,경기,3,종신보험,14,119543,57728,지연,개인연금,22,160365
70,202009,인천,4,정기보험,13,92642,28462,미납,퇴직연금,18,145590
189,202011,경기,4,정기보험,5,196166,87361,정상,퇴직연금,6,187462
326,202101,대전,3,종신보험,14,84019,60898,미납,퇴직연금,6,146083
494,202102,서울,3,종신보험,17,55897,93222,지연,국민연금,26,191408
3,202102,부산,4,정기보험,24,136722,60175,지연,퇴직연금,16,177361
359,202102,대전,4,종신보험,14,198033,44259,지연,국민연금,8,85118
424,202109,광주,4,정기보험,23,62965,61193,정상,퇴직연금,5,140744
476,202010,대구,1,연금보험,23,177408,32339,지연,국민연금,4,52865
212,202101,광주,3,정기보험,13,174564,85927,정상,개인연금,27,159046
60,202010,경기,2,종신보험,11,189339,77611,지연,개인연금,29,121722
136,202101,인천,4,연금보험,4,113234,31772,정상,개인연금,12,88065
426,202107,서울,3,종신보험,7,88215,66559,지연,국민연금,6,125638
439,202008,대구,3,종신보험,22,126821,63039,미납,국민연금,13,55437
319,202101,경기,2,종신보험,4,71368,36081,정상,개인연금,4,124468
62,202008,울산,3,연금보험,10,176427,29766,미납,개인연금,16,94962
61,202112,울산,4,연금보험,17,149497,80823,정상,퇴직연금,19,64355
240,202108,경기,2,정기보험,6,122498,41123,정상,국민연금,29,195105
295,202012,서울,1,정기보험,24,127378,61514,정상,퇴직연금,10,12750
17,202011,대구,4,정기보험,16,156818,39816,지연,퇴직연금,6,151539
344,202009,서울,4,정기보험,1,128475,72271,정상,개인연금,4,42000
273,202104,서울,2,정기보험,6,175970,23919,정상,퇴직연금,11,44504
7,202108,울산,2,연금보험,18,188692,48747,정상,국민연금,18,30883
48,202105,경기,5,연금보험,21,192468,63764,정상,개인연금,2,20481
228,202110,부산,4,종신보험,23,143012,55127,정상,개인연금,23,24780
362,202101,대전,3,정기보험,21,161382,68991,지연,국민연금,14,166534
413,202012,광주,3,연금보험,2,96659,34427,정상,국민연금,24,185256
216,202104,서울,2,정기보험,18,55717,55344,지연,국민연금,14,116955
148,202011,경기,1,종신보험,3,110009,80521,정상,개인연금,5,2769
485,202112,울산,4,연금보험,2,180756,46688,미납,퇴직연금,1,172899
230,202011,광주,1,정기보험,17,70024,32560,정상,퇴직연금,17,120371
158,202104,대전,1,정기보험,12,131856,87819,정상,개인연금,16,104174
222,202104,인천,4,정기보험,16,78847,82264,정상,국민연금,24,189494
7,202008,울산,5,종신보험,21,114390,74432,정상,국민연금,26,81959
151,202103,인천,4,정기보험,2,71502,83840,정상,개인연금,5,72010
258,202103,경기,3,정기보험,13,160211,82305,지연,퇴직연금,10,155963
460,202012,서울,3,연금보험,21,171543,79728,정상,국민연금,7,105419
370,202010,부산,3,종신보험,11,163753,60754,정상,개인연금,4,143376
391,202008,경기,3,종신보험,13,155731,21553,정상,국민연금,1,139156
273,202008,대구,3,정기보험,12,85272,67766,미납,개인연금,3,167888
56,202104,대구,3,연금보험,22,129551,41850,정상,개인연금,16,63433
196,202009,울산,3,정기보험,2,65717,81863,정상,개인연금,5,14405
499,202112,부산,4,정기보험,22,106155,57467,정상,퇴직연금,6,95530
23,202012,광주,5,연금보험,20,125872,92422,정상,국민연금,4,129510
440,202107,대구,1,정기보험,20,150274,67643,정상,개인연금,22,163420
343,202107,부산,3,종신보험,10,64520,64042,정상,퇴직연금,19,53410
142,202104,경기,2,연금보험,13,171935,93537,정상,퇴직연금,28,149071
389,202111,부산,3,정기보험,9,118835,58005,정상,국민연금,4,166439
419,202009,서울,2,종신보험,7,182184,50048,정상,퇴직연금,7,161689
22,202011,대전,2,정기보험,22,129121,49721,정상,퇴직연금,14,161614
54,202012,울산,4,연금보험,13,132052,90001,미납,국민연금,19,197468
333,202010,부산,3,정기보험,18,153888,80501,정상,개인연금,4,132229
500,202101,대전,5,정기보험,3,172982,33074,정상,국민연금,7,74065
12,202101,광주,1,정기보험,19,73643,59399,정상,개인연금,13,87296
333,202109,울산,1,연금보험,16,126695,49702,정상,개인연금,1,149418
69,202101,부산,3,연금보험,24,54493,71736,지연,퇴직연금,12,47306
326,202110,경기,1,종신보험,4,121179,24182,정상,국민연금,22,120556
312,202109,광주,2,정기보험,13,172027,77129,정상,퇴직연금,16,114546
46,202111,울산,5,정기보험,13,179814,79399,정상,퇴직연금,13,133320
341,202009,대구,2,종신보험,13,92528,38126,정상,퇴직연금,15,84254
449,202112,경기,2,연금보험,2,107956,32052,미납,국민연금,28,147974
432,202106,대전,3,종신보험,12,132734,70202,정상,퇴직연금,16,14286
15,202112,부산,3,정기보험,8,109386,40561,정상,국민연금,16,149946
123,202102,경기,3,종신보험,15,76711,95326,지연,퇴직연금,27,162377
121,202112,울산,3,종신보험,6,95736,82018,지연,퇴직연금,5,177149
227,202106,대구,4,연금보험,11,110608,96401,정상,퇴직연금,3,184558
72,202009,광주,2,종신보험,15,127805,62777,정상,개인연금,14,69864
428,202102,인천,3,종신보험,2,188109,95078,정상,개인연금,10,9277
389,202010,광주,3,연금보험,19,131727,21117,지연,개인연금,6,130696
405,202112,경기,4,연금보험,18,108067,43194,정상,개인연금,4,18044
100,202101,경기,3,종신보험,2,149069,20178,정상,개인연금,26,56058
8,202011,부산,3,종신보험,2,165958,74204,지연,국민연금,18,140495
456,202105,경기,1,연금보험,21,114575,60852,정상,국민연금,21,118913
145,202103,인천,2,연금보험,7,123389,43013,정상,퇴직연금,4,121329
329,202009,대전,1,연금보험,21,82675,44396,정상,퇴직연금,10,150235
455,202109,울산,4,정기보험,12,179718,71500,지연,개인연금,19,32944
19,202110,인천,2,종신보험,9,180026,34424,정상,국민연금,16,158200
3,202108,인천,4,연금보험,7,76236,61164,정상,국민연금,21,117307
3,202106,인천,1,종신보험,16,101900,69087,정상,개인연금,20,84024
79,202102,울산,4,종신보험,3,90792,39198,지연,개인연금,12,92732
26,202105,인천,4,연금보험,10,188441,38274,지연,국민연금,23,101744
410,202104,대구,1,정기보험,9,59783,48338,정상,국민연금,8,110071
303,202010,대구,1,종신보험,4,81102,67376,정상,퇴직연금,3,66769
491,202009,부산,1,종신보험,9,97236,40351,미납,퇴직연금,27,44607
401,202012,인천,4,정기보험,13,134008,50341,지연,국민연금,1,33807
482,202103,서울,2,종신보험,17,87346,63475,정상,퇴직연금,9,68141
120,202010,서울,3,연금보험,3,130492,34939,정상,개인연금,4,52103
144,202009,대전,3,정기보험,21,162083,65514,미납,개인연금,7,103227
425,202110,서울,4,정기보험,22,174297,31048,미납,개인연금,12,182427
123,202102,광주,3,정기보험,17,64859,31403,정상,퇴직연금,4,21619
29,202105,울산,3,정기보험,23,70827,38948,정상,개인연금,14,61793
335,202104,대전,5,정기보험,11,64279,42920,정상,국민연금,27,9830
401,202108,인천,2,연금보험,20,186490,22386,지연,국민연금,4,194951
485,202108,부산,4,정기보험,18,147814,96928,정상,국민연금,27,140153
464,202101,경기,1,정기보험,14,129714,44650,정상,개인연금,12,48295
61,202110,울산,3,정기보험,5,168636,84369,정상,퇴직연금,18,82848
387,202102,광주,4,종신보험,14,137916,92156,미납,국민연금,13,144614
424,202110,서울,3,연금보험,22,85318,84051,지연,개인연금,10,191544
350,202102,서울,3,정기보험,24,126524,86508,미납,국민연금,4,114780
410,202009,대구,2,연금보험,11,155481,28006,정상,퇴직연금,18,54182
419,202108,부산,3,연금보험,6,55403,49760,지연,국민연금,27,139374
224,202008,울산,3,연금보험,18,140950,79694,지연,국민연금,16,137149
21,202109,부산,3,연금보험,2,124563,66066,정상,국민연금,18,128791
229,202008,대구,3,연금보험,4,60425,20452,정상,국민연금,19,9193
101,202011,경기,3,정기보험,14,89532,65388,미납,퇴직연금,12,141349
57,202106,울산,3,연금보험,24,117280,84361,정상,국민연금,4,3924
63,202112,부산,2,종신보험,8,101403,86299,정상,국민연금,15,181109
349,202102,인천,3,연금보험,11,93509,50711,정상,퇴직연금,26,176391
253,202010,광주,2,종신보험,8,147365,38903,정상,퇴직연금,10,112693
270,202011,대전,4,연금보험,11,110654,44764,정상,퇴직연금,26,129212
373,202111,경기,3,종신보험,1,124654,43710,지연,퇴직연금,25,13569
275,202108,울산,2,정기보험,15,169747,47726,정상,개인연금,8,174885
316,202009,경기,3,종신보험,15,63982,44142,지연,개인연금,17,54165
44,202102,서울,4,종신보험,8,103985,56575,정상,국민연금,22,52421
426,202012,부산,2,연금보험,7,60956,23269,정상,개인연금,15,141643
225,202011,광주,2,연금보험,19,189099,42015,지연,퇴직연금,21,187776
78,202110,서울,1,종신보험,5,77848,45175,정상,퇴직연금,27,98814
407,202106,대구,1,종신보험,2,172980,32267,정상,개인연금,19,101503
368,202011,부산,4,연금보험,1,78632,90233,지연,국민연금,25,109710
27,202107,경기,5,연금보험,22,98608,74038,정상,퇴직연금,24,58227
97,202103,서울,1,종신보험,9,141245,92959,정상,개인연금,24,119316
8,202009,부산,4,정기보험,3,174706,64926,정상,개인연금,25,192196
136,202103,부산,1,종신보험,22,76672,28770,미납,국민연금,7,76525
50,202011,부산,3,연금보험,4,81968,92369,정상,퇴직연금,1,154617
355,202012,광주,4,정기보험,9,182257,56644,정상,국민연금,5,154779
262,202110,대구,3,종신보험,1,98294,74754,미납,국민연금,8,170166
491,202108,경기,1,종신보험,17,81464,50507,정상,국민연금,21,144706
375,202010,대구,3,정기보험,17,161528,59542,정상,퇴직연금,15,184289
306,202110,광주,5,연금보험,19,63669,59148,정상,개인연금,14,142859
255,202105,대전,2,종신보험,7,180044,42776,정상,퇴직연금,1,195231
28,202110,대전,2,연금보험,8,181361,64377,정상,퇴직연금,20,143062
36,202108,울산,2,정기보험,23,178478,78698,정상,개인연금,11,167381
309,202101,부산,3,연금보험,20,94299,21620,정상,퇴직연금,23,178071
3,202105,광주,3,연금보험,1,67131,30472,정상,개인연금,4,196681
22,202105,울산,4,종신보험,17,113813,87379,정상,퇴직연금,9,119078
110,202108,울산,4,종신보험,20,100186,65571,정상,국민연금,2,142044
443,202012,광주,4,연금보험,14,193853,97893,정상,퇴직연금,9,193414
230,202101,대전,4,종신보험,16,144754,68373,정상,퇴직연금,27,76047
355,202012,울산,2,종신보험,1,191655,72272,지연,퇴직연금,15,23838
206,202101,광주,3,정기보험,1,162631,91921,정상,개인연금,13,176855
87,202010,경기,2,연금보험,1,157237,72836,정상,국민연금,8,126391
186,202008,부산,3,연금보험,4,66776,46369,정상,퇴직연금,8,85696
46,202111,대구,5,정기보험,24,60340,62238,지연,퇴직연금,20,143385
386,202009,서울,3,종신보험,16,56973,38849,정상,국민연금,29,6530
92,202111,서울,5,정기보험,19,139001,46741,지연,퇴직연금,22,95444
189,202008,인천,3,연금보험,8,80256,74422,정상,개인연금,22,53094
491,202109,부산,3,종신보험,23,198361,31918,정상,퇴직연금,14,57641
296,202101,인천,3,정기보험,5,69899,73758,지연,국민연금,3,193863
230,202104,인천,2,종신보험,22,192037,66725,정상,국민연금,21,110007
272,202012,광주,2,종신보험,1,150145,44670,정상,퇴직연금,24,28086
393,202104,경기,3,종신보험,1,65900,23595,미납,개인연금,15,72949
128,202103,울산,1,연금보험,2,58768,76369,정상,국민연금,3,48530
319,202105,인천,5,연금보험,20,109395,85960,정상,국민연금,21,181824
437,202102,대구,2,종신보험,7,100843,78405,정상,개인연금,27,58254
287,202105,울산,2,연금보험,11,97330,53672,정상,국민연금,7,71358
224,202110,서울,4,정기보험,12,129284,72282,지연,국민연금,5,66831
73,202103,광주,1,연금보험,19,69459,53180,정상,국민연금,22,35141
125,202102,인천,5,연금보험,9,69418,48660,미납,개인연금,10,156036
474,202010,부산,4,종신보험,1,154219,46173,정상,퇴직연금,21,115277
271,202102,광주,1,연금보험,10,198546,36868,미납,국민연금,21,87395
151,202010,대구,3,정기보험,7,91077,97548,지연,국민연금,8,79198
210,202011,부산,3,종신보험,18,189789,73297,미납,개인연금,2,133336
290,202112,대전,4,종신보험,19,101729,33993,정상,개인연금,17,19179
269,202009,부산,4,연금보험,3,100383,89203,정상,국민연금,12,186353
350,202104,대전,4,정기보험,20,63553,32104,정상,국민연금,25,112968
129,202110,부산,3,정기보험,2,113498,67494,정상,국민연금,11,45531
325,202112,인천,3,종신보험,15,124695,33242,정상,개인연금,8,107569
222,202010,울산,3,연금보험,10,149565,48898,지연,국민연금,25,170410
471,202010,부산,5,종신보험,8,73725,72682,정상,국민연금,22,34639
79,202102,울산,3,종신보험,12,78303,99929,지연,퇴직연금,18,104769
75,202105,대전,3,정기보험,8,114813,99351,정상,퇴직연금,28,119527
231,202112,경기,3,연금보험,20,60447,91645,미납,퇴직연금,23,162006
255,202011,부산,4,종신보험,24,71501,38838,정상,개인연금,26,113471
346,202010,대전,5,종신보험,20,144361,27480,정상,국민연금,24,147281
203,202012,경기,2,정기보험,11,193077,92449,지연,퇴직연금,12,154722
457,202110,울산,2,종신보험,13,135944,93851,지연,퇴직연금,2,178225
238,202008,부산,3,정기보험,11,71747,42289,지연,국민연금,18,72313
65,202102,울산,3,종신보험,20,198648,21534,미납,개인연금,23,140773
60,202010,서울,3,종신보험,14,128283,71831,정상,퇴직연금,29,49751
487,202010,광주,1,종신보험,12,157526,26087,지연,퇴직연금,20,168859
68,202111,인천,3,연금보험,10,79546,23239,정상,개인연금,17,190243
474,202008,광주,3,연금보험,10,136765,94971,정상,국민연금,17,58842
140,202101,광주,3,정기보험,14,61454,59652,정상,개인연금,4,112243
47,202111,서울,3,정기보험,17,143861,28963,정상,개인연금,1,164467
153,202106,광주,4,연금보험,11,80346,72365,정상,국민연금,2,5427
308,202009,경기,3,종신보험,20,186427,49535,지연,개인연금,27,141003
214,202103,인천,4,정기보험,20,58216,62905,정상,개인연금,23,164142
393,202112,대구,3,연금보험,11,147894,91909,미납,퇴직연금,8,174245
306,202102,경기,3,연금보험,22,70909,39026,정상,퇴직연금,13,39351
201,202104,서울,3,종신보험,5,153068,71720,정상,개인연금,15,151433
318,202105,인천,2,연금보험,23,124022,86279,정상,국민연금,8,157207
486,202107,광주,2,정기보험,8,195122,53902,정상,국민연금,13,570
206,202011,인천,3,연금보험,14,147772,97610,정상,퇴직연금,11,141032
77,202110,경기,4,종신보험,7,105799,55864,정상,개인연금,21,125244
205,202112,인천,3,정기보험,11,63100,56735,정상,퇴직연금,22,193762
421,202010,경기,1,연금보험,9,139363,90735,정상,국민연금,3,8602
109,202109,서울,3,종신보험,17,116152,70873,지연,퇴직연금,14,193115
475,202109,대전,2,연금보험,2,57876,89496,정상,국민연금,29,114284
295,202108,광주,4,종신보험,21,137187,83233,지연,개인연금,26,54882
301,202102,부산,4,연금보험,22,81499,76989,지연,퇴직연금,24,77495
159,202103,부산,3,정기보험,14,85133,39319,정상,퇴직연금,22,153289
461,202110,대전,3,종신보험,14,51343,51907,정상,퇴직연금,1,199209
19,202010,대전,3,종신보험,17,105811,89156,정상,개인연금,29,63371
150,202110,광주,3,연금보험,5,82740,69282,정상,개인연금,22,196743
210,202111,서울,4,종신보험,18,60775,42416,정상,퇴직연금,26,125839
239,202107,광주,4,정기보험,6,115144,46188,미납,퇴직연금,27,38403
238,202101,경기,3,종신보험,17,83019,82066,정상,국민연금,8,119549
74,202105,서울,3,연금보험,8,70123,34254,정상,퇴직연금,1,160353
113,202008,인천,1,정기보험,18,120012,28967,정상,퇴직연금,20,10908
48,202111,인천,2,연금보험,19,59485,81208,정상,퇴직연금,14,15782
287,202101,경기,2,종신보험,6,198566,43070,정상,개인연금,1,1036
176,202008,대구,3,종신보험,15,120643,81233,정상,개인연금,8,114074
283,202109,인천,5,정기보험,12,199439,62689,미납,퇴직연금,29,11552
295,202107,대전,3,정기보험,8,182203,99825,정상,퇴직연금,11,186421
352,202106,서울,2,연금보험,15,196943,61993,정상,국민연금,8,25588
274,202008,울산,2,연금보험,24,131409,89398,정상,퇴직연금,19,14322
324,202108,울산,3,연금보험,1,113462,88034,정상,개인연금,20,51530
294,202106,대전,4,종신보험,23,157983,36958,지연,개인연금,10,152636
327,202109,대전,3,종신보험,21,62102,99690,미납,개인연금,25,181391
309,202110,대전,4,연금보험,13,176029,79664,지연,퇴직연금,17,50200
159,202011,울산,4,정기보험,15,98536,28576,정상,개인연금,5,103726
124,202011,경기,2,연금보험,9,51112,20483,정상,개인연금,10,154752
394,202111,인천,3,정기보험,4,85657,41711,지연,퇴직연금,25,159378
172,202105,인천,5,종신보험,14,86347,21299,정상,국민연금,3,30583
275,202103,대전,3,정기보험,20,52118,48607,정상,퇴직연금,1,167662
99,202012,부산,1,연금보험,6,150287,99709,정상,개인연금,20,173455
216,202106,울산,5,정기보험,18,64285,58313,정상,퇴직연금,13,146988
265,202108,울산,4,종신보험,18,177004,21912,지연,개인연금,8,105449
314,202008,대전,3,종신보험,19,117978,59512,정상,개인연금,14,78277
264,202105,대구,3,연금보험,9,157735,37528,미납,국민연금,6,177880
181,202112,대구,2,연금보험,10,100949,88495,정상,개인연금,11,172771
481,202012,인천,4,연금보험,10,69798,27245,정상,퇴직연금,7,103644
257,202012,대전,3,종신보험,21,77053,81644,정상,개인연금,18,148409
